transaction_id,timestamp,amount_inr,is_international,issuer_country,card_network,device,three_ds_attempted,wallet_offered,decline_code,customer_email,customer_address,true_cause
txn_c47a7f97d1,2026-09-05T13:00:06.510235,3779.09,True,SG,mastercard,mobile,False,True,risk_declined,user22@example.com,"33 Main St, City7",issuer_risk
txn_c082b351f2,2026-08-29T17:00:06.510639,10468.71,False,IN,mastercard,desktop,True,True,insufficient_funds,user38@example.com,"874 Main St, City8",insufficient_funds
txn_fbebec87aa,2026-08-29T10:00:06.510330,91.16,False,US,rupay,desktop,False,True,fraud_suspected,bot28_3@mailinator.com,"42 Test Ave, City0",fraud_bot
txn_77c5a72e3f,2026-08-28T14:00:06.510800,5512.46,False,IN,rupay,mobile,False,False,bank_server_down,user51@example.com,"806 Main St, City6",infra_error
txn_bef08fd4fa,2026-09-04T18:00:06.510621,14114.49,False,IN,visa,desktop,True,True,insufficient_funds,user36@example.com,"138 Main St, City6",insufficient_funds
txn_d4fdf4216c,2026-08-29T07:00:06.510754,6046.85,False,IN,visa,mobile,False,True,bank_server_down,user47@example.com,"40 Main St, City2",infra_error
txn_8bc62c93a0,2026-08-31T19:00:06.510661,11247.85,False,IN,mastercard,desktop,True,True,insufficient_funds,user41@example.com,"565 Main St, City11",insufficient_funds
txn_22fce8f91f,2026-08-30T17:00:06.510915,8582.38,True,IN,visa,desktop,True,False,technical_error,user60@example.com,"940 Main St, City0",unclear
txn_83fab1e438,2026-08-29T17:00:06.509905,20655.04,True,SG,mastercard,desktop,True,True,technical_error,user2@example.com,"285 Main St, City2",3ds_mismatch
txn_902673d106,2026-08-22T15:00:06.510138,23239.53,True,SG,mastercard,mobile,False,False,technical_error,user16@example.com,"109 Main St, City1",wallet_absent
txn_3cdfab8ced,2026-09-04T13:00:06.510653,1139.26,False,IN,amex,desktop,True,True,insufficient_funds,user40@example.com,"342 Main St, City10",insufficient_funds
txn_731c8d6c2b,2026-08-29T14:00:06.510021,3725.54,True,DE,amex,mobile,False,False,technical_error,user10@example.com,"936 Main St, City10",wallet_absent
txn_e97f225dec,2026-08-26T18:00:06.510825,6334.81,False,SG,amex,desktop,True,True,technical_error,user54@example.com,"303 Main St, City9",unclear
txn_57ee2d9ced,2026-08-29T17:00:06.509979,34969.62,True,US,mastercard,mobile,True,True,technical_error,user6@example.com,"82 Main St, City6",3ds_mismatch
txn_6cad4e3cb4,2026-08-31T14:00:06.510364,79.97,True,AU,mastercard,mobile,False,True,fraud_suspected,bot31_912@mailinator.com,"42 Test Ave, City0",fraud_bot
txn_4e4e0d7ef8,2026-08-22T22:00:06.510669,1591.04,False,IN,visa,mobile,True,True,insufficient_funds,user42@example.com,"905 Main St, City12",insufficient_funds
txn_f2a7ec27b1,2026-08-21T16:00:06.510282,18595.86,True,US,visa,mobile,True,True,risk_declined,user25@example.com,"348 Main St, City10",issuer_risk
txn_28d56b01c8,2026-08-25T02:00:06.510817,9535.75,False,IN,amex,mobile,True,False,bank_server_down,user53@example.com,"680 Main St, City8",infra_error
txn_b3483fd6c8,2026-08-22T21:00:06.510876,6905.9,True,SG,rupay,desktop,True,False,technical_error,user56@example.com,"692 Main St, City11",unclear
txn_bbe59689f2,2026-08-29T17:00:06.510906,6294.97,False,GB,rupay,desktop,True,True,technical_error,user59@example.com,"152 Main St, City14",unclear
txn_11a565ef2e,2026-09-02T03:00:06.509991,7989.31,True,DE,amex,desktop,True,True,technical_error,user7@example.com,"364 Main St, City7",3ds_mismatch
txn_735c90cd44,2026-08-21T13:00:06.510197,29960.99,True,CA,mastercard,mobile,True,False,risk_declined,user19@example.com,"970 Main St, City4",issuer_risk
txn_bc9a0c4e2e,2026-09-03T01:00:06.510315,281.59,True,US,visa,mobile,False,True,fraud_suspected,bot27_870@mailinator.com,"42 Test Ave, City0",fraud_bot
txn_5319856448,2026-08-29T07:00:06.510245,24634.14,True,SG,mastercard,desktop,False,True,risk_declined,user23@example.com,"741 Main St, City8",issuer_risk
txn_9dd840890f,2026-08-30T11:00:06.510897,4050.22,False,SG,visa,mobile,True,False,technical_error,user58@example.com,"487 Main St, City13",unclear
txn_6b829af0b1,2026-08-28T12:00:06.510630,4449.05,False,IN,mastercard,mobile,True,True,insufficient_funds,user37@example.com,"620 Main St, City7",insufficient_funds
txn_b320f26bcf,2026-08-27T16:00:06.510039,16800.24,True,CA,rupay,mobile,False,False,technical_error,user12@example.com,"142 Main St, City12",wallet_absent
txn_597a0a1991,2026-08-26T08:00:06.510590,129.04,False,AU,rupay,desktop,False,True,fraud_suspected,bot33_770@mailinator.com,"42 Test Ave, City0",fraud_bot
txn_4a1ba32fa8,2026-08-30T01:00:06.510764,12397.78,False,IN,amex,desktop,True,True,bank_server_down,user48@example.com,"893 Main St, City3",infra_error
txn_f4ab5dea2e,2026-08-29T19:00:06.510031,7114.92,True,AU,rupay,mobile,True,False,technical_error,user11@example.com,"143 Main St, City11",wallet_absent
txn_a14df6218a,2026-08-28T21:00:06.510569,101.06,False,DE,visa,mobile,False,True,fraud_suspected,bot32_734@mailinator.com,"42 Test Ave, City0",fraud_bot
txn_ba74604562,2026-09-02T15:00:06.509793,10665.91,True,SG,mastercard,desktop,True,True,technical_error,user0@example.com,"755 Main St, City0",3ds_mismatch
txn_65de746675,2026-09-03T21:00:06.510354,279.85,False,CA,amex,mobile,False,True,fraud_suspected,bot30_544@mailinator.com,"42 Test Ave, City0",fraud_bot
txn_130dfeeb52,2026-09-03T08:00:06.510612,295.96,False,CA,amex,desktop,False,True,fraud_suspected,bot35_827@mailinator.com,"42 Test Ave, City0",fraud_bot
txn_7af3b35170,2026-09-02T21:00:06.509885,4941.33,True,AU,visa,mobile,True,True,technical_error,user1@example.com,"239 Main St, City1",3ds_mismatch
txn_a759a49eef,2026-08-24T19:00:06.510791,14118.94,False,IN,amex,desktop,False,True,bank_server_down,user50@example.com,"119 Main St, City5",infra_error
txn_9f720da51e,2026-08-27T23:00:06.510646,13627.38,False,IN,amex,desktop,True,True,insufficient_funds,user39@example.com,"867 Main St, City9",insufficient_funds
txn_f9756500e7,2026-08-29T10:00:06.510733,859.4,False,IN,rupay,mobile,False,False,bank_server_down,user46@example.com,"755 Main St, City1",infra_error
txn_e9beb266d0,2026-08-30T17:00:06.509919,7672.19,True,AU,amex,desktop,True,False,technical_error,user3@example.com,"981 Main St, City3",3ds_mismatch
txn_24443c7a50,2026-08-31T22:00:06.510676,8946.39,False,IN,amex,mobile,True,True,insufficient_funds,user43@example.com,"152 Main St, City13",insufficient_funds
txn_2036690645,2026-08-24T07:00:06.510343,97.47,False,GB,amex,desktop,False,True,fraud_suspected,bot29_223@mailinator.com,"42 Test Ave, City0",fraud_bot
txn_822c6b81be,2026-08-23T18:00:06.510859,6388.09,False,GB,amex,mobile,True,False,technical_error,user55@example.com,"854 Main St, City10",unclear
txn_8197dde617,2026-09-03T06:00:06.510888,12367.14,True,IN,visa,desktop,True,False,technical_error,user57@example.com,"770 Main St, City12",unclear
txn_80da7f2f4e,2026-09-04T18:00:06.510781,5259.8,False,IN,rupay,mobile,True,False,bank_server_down,user49@example.com,"886 Main St, City4",infra_error
txn_73a1a6b518,2026-08-30T09:00:06.510300,19447.17,True,CA,mastercard,desktop,False,True,risk_declined,user26@example.com,"286 Main St, City11",issuer_risk
txn_dc4c8f6186,2026-08-21T01:00:06.510933,12678.01,False,AU,mastercard,desktop,False,True,technical_error,user62@example.com,"284 Main St, City2",unclear
txn_f525b34f0d,2026-09-03T14:00:06.510050,35809.91,True,US,mastercard,mobile,True,False,technical_error,user13@example.com,"433 Main St, City13",wallet_absent
txn_bdceda094a,2026-08-21T18:00:06.510924,9383.46,True,SG,rupay,desktop,False,False,technical_error,user61@example.com,"737 Main St, City1",unclear
txn_9b338419e7,2026-09-02T03:00:06.510808,1143.6,False,IN,amex,mobile,True,True,bank_server_down,user52@example.com,"447 Main St, City7",infra_error
txn_06b096057e,2026-08-23T11:00:06.510684,5787.45,False,IN,amex,mobile,True,True,insufficient_funds,user44@example.com,"956 Main St, City14",insufficient_funds
txn_3e2d2e2d9c,2026-08-21T02:00:06.510253,29927.04,True,GB,visa,mobile,False,False,risk_declined,user24@example.com,"363 Main St, City9",issuer_risk
txn_756c2cc1e6,2026-08-24T03:00:06.510059,43721.66,True,CA,amex,mobile,True,False,technical_error,user14@example.com,"882 Main St, City14",wallet_absent
txn_9a209cba45,2026-08-22T03:00:06.510011,38054.05,True,DE,amex,mobile,True,False,technical_error,user9@example.com,"795 Main St, City9",wallet_absent
txn_74be45f595,2026-08-27T17:00:06.510001,24408.98,True,SG,mastercard,mobile,True,True,technical_error,user8@example.com,"251 Main St, City8",3ds_mismatch
txn_d8600bd8b1,2026-09-03T16:00:06.509962,4282.97,True,AU,rupay,mobile,True,False,technical_error,user5@example.com,"301 Main St, City5",3ds_mismatch
txn_946f1eb4ba,2026-09-03T15:00:06.510601,283.31,False,GB,visa,desktop,False,True,fraud_suspected,bot34_903@mailinator.com,"42 Test Ave, City0",fraud_bot
txn_e68a8942fa,2026-08-23T09:00:06.510213,18435.46,True,CA,amex,mobile,False,False,risk_declined,user20@example.com,"688 Main St, City5",issuer_risk
txn_a0bd4c2503,2026-08-22T12:00:06.510226,15743.38,True,GB,visa,mobile,True,True,risk_declined,user21@example.com,"603 Main St, City6",issuer_risk
txn_69c3ff233f,2026-08-30T11:00:06.510150,27273.35,True,DE,visa,mobile,True,False,technical_error,user17@example.com,"501 Main St, City2",wallet_absent
txn_2aaf815313,2026-09-01T18:00:06.510120,5730.61,True,CA,amex,mobile,True,False,technical_error,user15@example.com,"446 Main St, City0",wallet_absent
txn_0cc83aa957,2026-09-02T04:00:06.510160,11446.52,True,DE,visa,mobile,True,True,risk_declined,user18@example.com,"581 Main St, City3",issuer_risk
txn_a420f157d9,2026-09-04T04:00:06.510714,10170.53,False,IN,mastercard,mobile,False,True,bank_server_down,user45@example.com,"363 Main St, City0",infra_error
txn_d04142efd6,2026-09-02T13:00:06.509929,38259.25,True,AU,amex,mobile,True,False,technical_error,user4@example.com,"619 Main St, City4",3ds_mismatch
